fid,x_coord,y_coord,sample_id,sample_name,ipen,match_name,ott_id,rank,wikidataID,unknown
1,2578416.17356091,1182436.23725665,dbgi_000025,Oryza sativa L. 'Axios',Oryza sativa L. 'Axios',Oryza sativa L. 'Axios',Oryza sativa L. 'Axios',Oryza sativa L. 'Axios',Oryza sativa L. 'Axios',
1,2578416.17356091,1182436.23725665,dbgi_000048,Oryza sativa L. 'Axios',Oryza sativa L. 'Axios',Oryza sativa L. 'Axios',Oryza sativa L. 'Axios',Oryza sativa L. 'Axios',Oryza sativa L. 'Axios',
2,2578415.3667638,1182436.52295537,dbgi_000006,Cyperus papyrus L.,Cyperus papyrus L.,Cyperus papyrus L.,Cyperus papyrus L.,Cyperus papyrus L.,Cyperus papyrus L.,
2,2578415.3667638,1182436.52295537,dbgi_000091,Cyperus papyrus L.,Cyperus papyrus L.,Cyperus papyrus L.,Cyperus papyrus L.,Cyperus papyrus L.,Cyperus papyrus L.,
3,2578413.96995858,1182435.27503541,dbgi_000014,Musa basjoo Iinuma,Musa basjoo Iinuma,Musa basjoo Iinuma,Musa basjoo Iinuma,Musa basjoo Iinuma,Musa basjoo Iinuma,
3,2578413.96995858,1182435.27503541,dbgi_000086,Musa basjoo Iinuma,Musa basjoo Iinuma,Musa basjoo Iinuma,Musa basjoo Iinuma,Musa basjoo Iinuma,Musa basjoo Iinuma,
4,2578413.17976017,1182434.77657161,dbgi_000029,Boehmeria nivea (L.) Gaudich. s.l.,Boehmeria nivea (L.) Gaudich. s.l.,Boehmeria nivea (L.) Gaudich. s.l.,Boehmeria nivea (L.) Gaudich. s.l.,Boehmeria nivea (L.) Gaudich. s.l.,Boehmeria nivea (L.) Gaudich. s.l.,
4,2578413.17976017,1182434.77657161,dbgi_000067,Boehmeria nivea (L.) Gaudich. s.l.,Boehmeria nivea (L.) Gaudich. s.l.,Boehmeria nivea (L.) Gaudich. s.l.,Boehmeria nivea (L.) Gaudich. s.l.,Boehmeria nivea (L.) Gaudich. s.l.,Boehmeria nivea (L.) Gaudich. s.l.,
5,2578411.94340899,1182434.29269454,dbgi_000002,Derris elliptica Benth.,Derris elliptica Benth.,Derris elliptica Benth.,Derris elliptica Benth.,Derris elliptica Benth.,Derris elliptica Benth.,
5,2578411.94340899,1182434.29269454,dbgi_000066,Derris elliptica Benth.,Derris elliptica Benth.,Derris elliptica Benth.,Derris elliptica Benth.,Derris elliptica Benth.,Derris elliptica Benth.,
6,2578412.18082061,1182433.9375831,dbgi_000032,Thevetia peruviana (Pers.) K. Schum.,Thevetia peruviana (Pers.) K. Schum.,Thevetia peruviana (Pers.) K. Schum.,Thevetia peruviana (Pers.) K. Schum.,Thevetia peruviana (Pers.) K. Schum.,Thevetia peruviana (Pers.) K. Schum.,
7,2578411.98213927,1182433.52764566,dbgi_,Guaiacum officinale L.,Guaiacum officinale L.,Guaiacum officinale L.,Guaiacum officinale L.,Guaiacum officinale L.,Guaiacum officinale L.,
8,2578411.16176142,1182433.85308066,dbgi_000009,Strophanthus hispidus D.C.,Strophanthus hispidus D.C.,Strophanthus hispidus D.C.,Strophanthus hispidus D.C.,Strophanthus hispidus D.C.,Strophanthus hispidus D.C.,
8,2578411.16176142,1182433.85308066,dbgi_000102,Strophanthus hispidus D.C.,Strophanthus hispidus D.C.,Strophanthus hispidus D.C.,Strophanthus hispidus D.C.,Strophanthus hispidus D.C.,Strophanthus hispidus D.C.,
9,2578411.68587774,1182433.27363535,dbgi_000015,Catharanthus roseus (L.) G. Don. (rosa),Catharanthus roseus (L.) G. Don. (rosa),Catharanthus roseus (L.) G. Don. (rosa),Catharanthus roseus (L.) G. Don. (rosa),Catharanthus roseus (L.) G. Don. (rosa),Catharanthus roseus (L.) G. Don. (rosa),
9,2578411.68587774,1182433.27363535,dbgi_000085,Catharanthus roseus (L.) G. Don. (rosa),Catharanthus roseus (L.) G. Don. (rosa),Catharanthus roseus (L.) G. Don. (rosa),Catharanthus roseus (L.) G. Don. (rosa),Catharanthus roseus (L.) G. Don. (rosa),Catharanthus roseus (L.) G. Don. (rosa),
10,2578411.47361566,1182432.96278709,dbgi_000004,Morinda citrifolia L.,Morinda citrifolia L.,Morinda citrifolia L.,Morinda citrifolia L.,Morinda citrifolia L.,Morinda citrifolia L.,
10,2578411.47361566,1182432.96278709,dbgi_000093,Morinda citrifolia L.,Morinda citrifolia L.,Morinda citrifolia L.,Morinda citrifolia L.,Morinda citrifolia L.,Morinda citrifolia L.,
11,2578411.0058343,1182432.49500572,dbgi_000008,Alpinia officinarum Hance,Alpinia officinarum Hance,Alpinia officinarum Hance,Alpinia officinarum Hance,Alpinia officinarum Hance,Alpinia officinarum Hance,
11,2578411.0058343,1182432.49500572,dbgi_000065,Alpinia officinarum Hance,Alpinia officinarum Hance,Alpinia officinarum Hance,Alpinia officinarum Hance,Alpinia officinarum Hance,Alpinia officinarum Hance,
12,2578410.65223182,1182432.87677568,dbgi_000031,Costus speciosus (J. Knig) Sm.,Costus speciosus (J. Knig) Sm.,Costus speciosus (J. Knig) Sm.,Costus speciosus (J. Knig) Sm.,Costus speciosus (J. Knig) Sm.,Costus speciosus (J. Knig) Sm.,
12,2578410.65223182,1182432.87677568,dbgi_000056,Costus speciosus (J. Knig) Sm.,Costus speciosus (J. Knig) Sm.,Costus speciosus (J. Knig) Sm.,Costus speciosus (J. Knig) Sm.,Costus speciosus (J. Knig) Sm.,Costus speciosus (J. Knig) Sm.,
13,2578410.17539662,1182433.0327028,dbgi_000003,Psychotria bacteriophila Valet.,Psychotria bacteriophila Valet.,Psychotria bacteriophila Valet.,Psychotria bacteriophila Valet.,Psychotria bacteriophila Valet.,Psychotria bacteriophila Valet.,
13,2578410.17539662,1182433.0327028,dbgi_000121,Psychotria bacteriophila Valet.,Psychotria bacteriophila Valet.,Psychotria bacteriophila Valet.,Psychotria bacteriophila Valet.,Psychotria bacteriophila Valet.,Psychotria bacteriophila Valet.,
14,2578409.8353749,1182432.93109867,dbgi_000080,Strophanthus gratus Baill.,Strophanthus gratus Baill.,Strophanthus gratus Baill.,Strophanthus gratus Baill.,Strophanthus gratus Baill.,Strophanthus gratus Baill.,
15,2578410.25587514,1182432.59007097,dbgi_000018,Costus afer Ker-Gawl.,Costus afer Ker-Gawl.,Costus afer Ker-Gawl.,Costus afer Ker-Gawl.,Costus afer Ker-Gawl.,Costus afer Ker-Gawl.,
15,2578410.25587514,1182432.59007097,dbgi_000101,Costus afer Ker-Gawl.,Costus afer Ker-Gawl.,Costus afer Ker-Gawl.,Costus afer Ker-Gawl.,Costus afer Ker-Gawl.,Costus afer Ker-Gawl.,
16,2578410.12560054,1182432.33756963,dbgi_000075,Senna siamea (Lam.) H.S. Irwin et Barneby,Senna siamea (Lam.) H.S. Irwin et Barneby,Senna siamea (Lam.) H.S. Irwin et Barneby,Senna siamea (Lam.) H.S. Irwin et Barneby,Senna siamea (Lam.) H.S. Irwin et Barneby,Senna siamea (Lam.) H.S. Irwin et Barneby,
17,2578409.90428463,1182432.47790404,dbgi_000108,Eucharis grandiflora Planch. et Linden,Eucharis grandiflora Planch. et Linden,Eucharis grandiflora Planch. et Linden,Eucharis grandiflora Planch. et Linden,Eucharis grandiflora Planch. et Linden,Eucharis grandiflora Planch. et Linden,
18,2578409.63487023,1182432.48142498,dbgi_000082,Serenoa repens (W. Bartram) Small,Serenoa repens (W. Bartram) Small,Serenoa repens (W. Bartram) Small,Serenoa repens (W. Bartram) Small,Serenoa repens (W. Bartram) Small,Serenoa repens (W. Bartram) Small,
19,2578408.66158319,1182432.07299652,dbgi_000118,Gynostemma pentaphyllum (Thunb.) Makino s.l.,Gynostemma pentaphyllum (Thunb.) Makino s.l.,Gynostemma pentaphyllum (Thunb.) Makino s.l.,Gynostemma pentaphyllum (Thunb.) Makino s.l.,Gynostemma pentaphyllum (Thunb.) Makino s.l.,Gynostemma pentaphyllum (Thunb.) Makino s.l.,
20,2578409.24857336,1182431.36906101,dbgi_000043,Piper retrofractum Vahl,Piper retrofractum Vahl,Piper retrofractum Vahl,Piper retrofractum Vahl,Piper retrofractum Vahl,Piper retrofractum Vahl,
21,2578409.52622423,1182431.28958848,dbgi_,Villamilla peruviana Hook. f.,Villamilla peruviana Hook. f.,Villamilla peruviana Hook. f.,Villamilla peruviana Hook. f.,Villamilla peruviana Hook. f.,Villamilla peruviana Hook. f.,
22,2578410.1242802,1182431.18647538,dbgi_000055,Rivina humilis var. glabra L.,Rivina humilis var. glabra L.,Rivina humilis var. glabra L.,Rivina humilis var. glabra L.,Rivina humilis var. glabra L.,Rivina humilis var. glabra L.,
23,2578409.81997081,1182430.79917253,dbgi_000052,Erythroxylum coca Lam var. coca,Erythroxylum coca Lam var. coca,Erythroxylum coca Lam var. coca,Erythroxylum coca Lam var. coca,Erythroxylum coca Lam var. coca,Erythroxylum coca Lam var. coca,
24,2578410.40444602,1182430.12315301,dbgi_000107,Caesalpinia spinosa (Molina) Kuntze,Caesalpinia spinosa (Molina) Kuntze,Caesalpinia spinosa (Molina) Kuntze,Caesalpinia spinosa (Molina) Kuntze,Caesalpinia spinosa (Molina) Kuntze,Caesalpinia spinosa (Molina) Kuntze,
25,2578410.67807297,1182429.82337054,dbgi_000053,Indigofera tinctoria L.,Indigofera tinctoria L.,Indigofera tinctoria L.,Indigofera tinctoria L.,Indigofera tinctoria L.,Indigofera tinctoria L.,
26,2578411.37119418,1182429.78715521,dbgi_000011,Persea americana Mill.,Persea americana Mill.,Persea americana Mill.,Persea americana Mill.,Persea americana Mill.,Persea americana Mill.,
26,2578411.37119418,1182429.78715521,dbgi_000051,Persea americana Mill.,Persea americana Mill.,Persea americana Mill.,Persea americana Mill.,Persea americana Mill.,Persea americana Mill.,
27,2578410.72032419,1182429.473289,dbgi_000040,Senna alexandrina Mill.,Senna alexandrina Mill.,Senna alexandrina Mill.,Senna alexandrina Mill.,Senna alexandrina Mill.,Senna alexandrina Mill.,
28,2578411.10863302,1182429.39281049,dbgi_000103,Bixa orellana L.,Bixa orellana L.,Bixa orellana L.,Bixa orellana L.,Bixa orellana L.,Bixa orellana L.,
29,2578411.68757534,1182430.14880553,dbgi_000012,Cyperus esculentus L.,Cyperus esculentus L.,Cyperus esculentus L.,Cyperus esculentus L.,Cyperus esculentus L.,Cyperus esculentus L.,
29,2578411.68757534,1182430.14880553,dbgi_000098,Cyperus esculentus L.,Cyperus esculentus L.,Cyperus esculentus L.,Cyperus esculentus L.,Cyperus esculentus L.,Cyperus esculentus L.,
30,2578412.35353505,1182430.20514049,dbgi_000001,Saccharum officinarum L.,Saccharum officinarum L.,Saccharum officinarum L.,Saccharum officinarum L.,Saccharum officinarum L.,Saccharum officinarum L.,
30,2578412.35353505,1182430.20514049,dbgi_000087,Saccharum officinarum L.,Saccharum officinarum L.,Saccharum officinarum L.,Saccharum officinarum L.,Saccharum officinarum L.,Saccharum officinarum L.,
31,2578411.79219741,1182430.67392784,dbgi_000017,Gossypium arboreum L.,Gossypium arboreum L.,Gossypium arboreum L.,Gossypium arboreum L.,Gossypium arboreum L.,Gossypium arboreum L.,
31,2578411.79219741,1182430.67392784,dbgi_000057,Gossypium arboreum L.,Gossypium arboreum L.,Gossypium arboreum L.,Gossypium arboreum L.,Gossypium arboreum L.,Gossypium arboreum L.,
32,2578412.00445949,1182430.92592619,dbgi_000030,Abroma augustum (L.) L. f.,Abroma augustum (L.) L. f.,Abroma augustum (L.) L. f.,Abroma augustum (L.) L. f.,Abroma augustum (L.) L. f.,Abroma augustum (L.) L. f.,
32,2578412.00445949,1182430.92592619,dbgi_000106,Abroma augustum (L.) L. f.,Abroma augustum (L.) L. f.,Abroma augustum (L.) L. f.,Abroma augustum (L.) L. f.,Abroma augustum (L.) L. f.,Abroma augustum (L.) L. f.,
33,2578412.40685206,1182431.2015651,dbgi_,Khaya senegalensis (Desr.) A. Juss,Khaya senegalensis (Desr.) A. Juss,Khaya senegalensis (Desr.) A. Juss,Khaya senegalensis (Desr.) A. Juss,Khaya senegalensis (Desr.) A. Juss,Khaya senegalensis (Desr.) A. Juss,
34,2578413.35448657,1182431.09291911,dbgi_000024,Canna indica L.,Canna indica L.,Canna indica L.,Canna indica L.,Canna indica L.,Canna indica L.,
34,2578413.35448657,1182431.09291911,dbgi_000063,Canna indica L.,Canna indica L.,Canna indica L.,Canna indica L.,Canna indica L.,Canna indica L.,
35,2578413.25992432,1182431.57176627,dbgi_000020,Hibiscus tiliaceus L.,Hibiscus tiliaceus L.,Hibiscus tiliaceus L.,Hibiscus tiliaceus L.,Hibiscus tiliaceus L.,Hibiscus tiliaceus L.,
35,2578413.25992432,1182431.57176627,dbgi_000097,Hibiscus tiliaceus L.,Hibiscus tiliaceus L.,Hibiscus tiliaceus L.,Hibiscus tiliaceus L.,Hibiscus tiliaceus L.,Hibiscus tiliaceus L.,
36,2578414.22868444,1182431.08688322,dbgi_,Cycas circinalis L.,Cycas circinalis L.,Cycas circinalis L.,Cycas circinalis L.,Cycas circinalis L.,Cycas circinalis L.,
37,2578414.33028856,1182431.74278311,dbgi_000007,Manihot esculenta Crantz,Manihot esculenta Crantz,Manihot esculenta Crantz,Manihot esculenta Crantz,Manihot esculenta Crantz,Manihot esculenta Crantz,
38,2578413.37661816,1182431.98120071,dbgi_000013,Crescentia cujete L.,Crescentia cujete L.,Crescentia cujete L.,Crescentia cujete L.,Crescentia cujete L.,Crescentia cujete L.,
38,2578413.37661816,1182431.98120071,dbgi_000090,Crescentia cujete L.,Crescentia cujete L.,Crescentia cujete L.,Crescentia cujete L.,Crescentia cujete L.,Crescentia cujete L.,
39,2578414.99624827,1182430.99081199,dbgi_000023,Musa x paradisiaca L.,Musa x paradisiaca L.,Musa x paradisiaca L.,Musa x paradisiaca L.,Musa x paradisiaca L.,Musa x paradisiaca L.,
39,2578414.99624827,1182430.99081199,dbgi_000105,Musa x paradisiaca L.,Musa x paradisiaca L.,Musa x paradisiaca L.,Musa x paradisiaca L.,Musa x paradisiaca L.,Musa x paradisiaca L.,
40,2578415.42882028,1182431.42086905,dbgi_000022,Furcraea foetida (L.) Haw.,Furcraea foetida (L.) Haw.,Furcraea foetida (L.) Haw.,Furcraea foetida (L.) Haw.,Furcraea foetida (L.) Haw.,Furcraea foetida (L.) Haw.,
40,2578415.42882028,1182431.42086905,dbgi_000050,Furcraea foetida (L.) Haw.,Furcraea foetida (L.) Haw.,Furcraea foetida (L.) Haw.,Furcraea foetida (L.) Haw.,Furcraea foetida (L.) Haw.,Furcraea foetida (L.) Haw.,
41,2578416.60783052,1182431.78604031,dbgi_,Sansevieria trifasciata Prain,Sansevieria trifasciata Prain,Sansevieria trifasciata Prain,Sansevieria trifasciata Prain,Sansevieria trifasciata Prain,Sansevieria trifasciata Prain,
42,2578415.54853207,1182432.15221755,dbgi_000005,Sansevieria longifolia Sims.,Sansevieria longifolia Sims.,Sansevieria longifolia Sims.,Sansevieria longifolia Sims.,Sansevieria longifolia Sims.,Sansevieria longifolia Sims.,
42,2578415.54853207,1182432.15221755,dbgi_000119,Sansevieria longifolia Sims.,Sansevieria longifolia Sims.,Sansevieria longifolia Sims.,Sansevieria longifolia Sims.,Sansevieria longifolia Sims.,Sansevieria longifolia Sims.,
43,2578415.40769467,1182432.8161653,dbgi_000028,Abutilon grandifolium (Willd.) Sweet,Abutilon grandifolium (Willd.) Sweet,Abutilon grandifolium (Willd.) Sweet,Abutilon grandifolium (Willd.) Sweet,Abutilon grandifolium (Willd.) Sweet,Abutilon grandifolium (Willd.) Sweet,
43,2578415.40769467,1182432.8161653,dbgi_000088,Abutilon grandifolium (Willd.) Sweet,Abutilon grandifolium (Willd.) Sweet,Abutilon grandifolium (Willd.) Sweet,Abutilon grandifolium (Willd.) Sweet,Abutilon grandifolium (Willd.) Sweet,Abutilon grandifolium (Willd.) Sweet,
44,2578415.9207452,1182432.59484938,dbgi_,Sansevieria trifasciata Prain 'Hahnii',Sansevieria trifasciata Prain 'Hahnii',Sansevieria trifasciata Prain 'Hahnii',Sansevieria trifasciata Prain 'Hahnii',Sansevieria trifasciata Prain 'Hahnii',Sansevieria trifasciata Prain 'Hahnii',
45,2578416.32112581,1182432.37152151,dbgi_,Brahea edulis H. Wendl.,Brahea edulis H. Wendl.,Brahea edulis H. Wendl.,Brahea edulis H. Wendl.,Brahea edulis H. Wendl.,Brahea edulis H. Wendl.,
46,2578416.50220247,1182432.68941164,dbgi_000021,Carludovica palmata Ruiz et Pav.,Carludovica palmata Ruiz et Pav.,Carludovica palmata Ruiz et Pav.,Carludovica palmata Ruiz et Pav.,Carludovica palmata Ruiz et Pav.,Carludovica palmata Ruiz et Pav.,
46,2578416.50220247,1182432.68941164,dbgi_000076,Carludovica palmata Ruiz et Pav.,Carludovica palmata Ruiz et Pav.,Carludovica palmata Ruiz et Pav.,Carludovica palmata Ruiz et Pav.,Carludovica palmata Ruiz et Pav.,Carludovica palmata Ruiz et Pav.,
47,2578416.26479085,1182433.31312013,dbgi_000010,Ficus elastica Roxb.,Ficus elastica Roxb.,Ficus elastica Roxb.,Ficus elastica Roxb.,Ficus elastica Roxb.,Ficus elastica Roxb.,
47,2578416.26479085,1182433.31312013,dbgi_000089,Ficus elastica Roxb.,Ficus elastica Roxb.,Ficus elastica Roxb.,Ficus elastica Roxb.,Ficus elastica Roxb.,Ficus elastica Roxb.,
48,2578416.77985335,1182432.94694289,dbgi_000019,Payena leerii (Teijsm. et Binn.) Kurz,Payena leerii (Teijsm. et Binn.) Kurz,Payena leerii (Teijsm. et Binn.) Kurz,Payena leerii (Teijsm. et Binn.) Kurz,Payena leerii (Teijsm. et Binn.) Kurz,Payena leerii (Teijsm. et Binn.) Kurz,
48,2578416.77985335,1182432.94694289,dbgi_000049,Payena leerii (Teijsm. et Binn.) Kurz,Payena leerii (Teijsm. et Binn.) Kurz,Payena leerii (Teijsm. et Binn.) Kurz,Payena leerii (Teijsm. et Binn.) Kurz,Payena leerii (Teijsm. et Binn.) Kurz,Payena leerii (Teijsm. et Binn.) Kurz,
49,2578417.18928779,1182432.30110281,dbgi_,Sansevieria trifasciata Prain,Sansevieria trifasciata Prain,Sansevieria trifasciata Prain,Sansevieria trifasciata Prain,Sansevieria trifasciata Prain,Sansevieria trifasciata Prain,
50,2578417.81098431,1182432.55863405,dbgi_000027,Carica papaya L.,Carica papaya L.,Carica papaya L.,Carica papaya L.,Carica papaya L.,Carica papaya L.,
50,2578417.81098431,1182432.55863405,dbgi_000092,Carica papaya L.,Carica papaya L.,Carica papaya L.,Carica papaya L.,Carica papaya L.,Carica papaya L.,
51,2578417.59570429,1182433.16021095,dbgi_000016,Physalis peruviana L.,Physalis peruviana L.,Physalis peruviana L.,Physalis peruviana L.,Physalis peruviana L.,Physalis peruviana L.,
51,2578417.59570429,1182433.16021095,dbgi_000096,Physalis peruviana L.,Physalis peruviana L.,Physalis peruviana L.,Physalis peruviana L.,Physalis peruviana L.,Physalis peruviana L.,
52,2578416.92974458,1182433.63302222,dbgi_,Leucaena sp.,Leucaena sp.,Leucaena sp.,Leucaena sp.,Leucaena sp.,Leucaena sp.,
53,2578411.85658022,1182429.08799812,dbgi_000026,Arachis hypogaea L.,Arachis hypogaea L.,Arachis hypogaea L.,Arachis hypogaea L.,Arachis hypogaea L.,Arachis hypogaea L.,
53,2578411.85658022,1182429.08799812,dbgi_000083,Arachis hypogaea L.,Arachis hypogaea L.,Arachis hypogaea L.,Arachis hypogaea L.,Arachis hypogaea L.,Arachis hypogaea L.,
55,2578411.42803213,1182428.81638313,dbgi_000061,Murraya paniculata (L.) Jack,Murraya paniculata (L.) Jack,Murraya paniculata (L.) Jack,Murraya paniculata (L.) Jack,Murraya paniculata (L.) Jack,Murraya paniculata (L.) Jack,
56,2578411.75900002,1182428.3033326,dbgi_000042,Pogostemon cablin (Blanco) Benth.,Pogostemon cablin (Blanco) Benth.,Pogostemon cablin (Blanco) Benth.,Pogostemon cablin (Blanco) Benth.,Pogostemon cablin (Blanco) Benth.,Pogostemon cablin (Blanco) Benth.,
57,2578411.95768135,1182427.93916732,dbgi_000115,Vetiveria zizanioides (L.) Nash,Vetiveria zizanioides (L.) Nash,Vetiveria zizanioides (L.) Nash,Vetiveria zizanioides (L.) Nash,Vetiveria zizanioides (L.) Nash,Vetiveria zizanioides (L.) Nash,
58,2578412.58767723,1182427.59034326,dbgi_000081,Murraya koenigii (L.) Spreng.,Murraya koenigii (L.) Spreng.,Murraya koenigii (L.) Spreng.,Murraya koenigii (L.) Spreng.,Murraya koenigii (L.) Spreng.,Murraya koenigii (L.) Spreng.,
59,2578412.28890074,1182427.37606922,dbgi_000071,Jasminum sambac Sol.,Jasminum sambac Sol.,Jasminum sambac Sol.,Jasminum sambac Sol.,Jasminum sambac Sol.,Jasminum sambac Sol.,
60,2578412.95083652,1182427.22818995,dbgi_,Elettaria major Sm.,Elettaria major Sm.,Elettaria major Sm.,Elettaria major Sm.,Elettaria major Sm.,Elettaria major Sm.,
61,2578413.21591263,1182426.94500617,dbgi_000069,Alpinia galanga (L.) Willd.,Alpinia galanga (L.) Willd.,Alpinia galanga (L.) Willd.,Alpinia galanga (L.) Willd.,Alpinia galanga (L.) Willd.,Alpinia galanga (L.) Willd.,
62,2578413.05143467,1182426.53054182,dbgi_000095,Elettaria cardamomum (L.) Maton,Elettaria cardamomum (L.) Maton,Elettaria cardamomum (L.) Maton,Elettaria cardamomum (L.) Maton,Elettaria cardamomum (L.) Maton,Elettaria cardamomum (L.) Maton,
63,2578413.82805233,1182425.39177084,dbgi_000100,Vanilla planifolia Andrews,Vanilla planifolia Andrews,Vanilla planifolia Andrews,Vanilla planifolia Andrews,Vanilla planifolia Andrews,Vanilla planifolia Andrews,
64,2578414.11173909,1182425.83641463,dbgi_000046,Cinnamomum zeylanicum Blume,Cinnamomum zeylanicum Blume,Cinnamomum zeylanicum Blume,Cinnamomum zeylanicum Blume,Cinnamomum zeylanicum Blume,Cinnamomum zeylanicum Blume,
65,2578414.54229915,1182425.96719222,dbgi_,Plectranthus amboinicus (Lour.) Spreng. 'Variegatus',Plectranthus amboinicus (Lour.) Spreng. 'Variegatus',Plectranthus amboinicus (Lour.) Spreng. 'Variegatus',Plectranthus amboinicus (Lour.) Spreng. 'Variegatus',Plectranthus amboinicus (Lour.) Spreng. 'Variegatus',Plectranthus amboinicus (Lour.) Spreng. 'Variegatus',X1
66,2578414.49149708,1182426.26697469,dbgi_000068,Persicaria odorata (Lour.) Soj�k,Persicaria odorata (Lour.) Soj�k,Persicaria odorata (Lour.) Soj�k,Persicaria odorata (Lour.) Soj�k,Persicaria odorata (Lour.) Soj�k,Persicaria odorata (Lour.) Soj�k,
67,2578415.05384071,1182426.11758645,dbgi_000047,Piper longum L.,Piper longum L.,Piper longum L.,Piper longum L.,Piper longum L.,Piper longum L.,
68,2578415.36971887,1182426.40026723,dbgi_000110,Plectranthus amboinicus (Lour.) Spreng.,Plectranthus amboinicus (Lour.) Spreng.,Plectranthus amboinicus (Lour.) Spreng.,Plectranthus amboinicus (Lour.) Spreng.,Plectranthus amboinicus (Lour.) Spreng.,Plectranthus amboinicus (Lour.) Spreng.,
69,2578415.74897387,1182426.44855434,dbgi_000072,Piper betle L.,Piper betle L.,Piper betle L.,Piper betle L.,Piper betle L.,Piper betle L.,
70,2578415.21982764,1182426.91231178,dbgi_000073,Salvia divinorum Epling et Jativa,Salvia divinorum Epling et Jativa,Salvia divinorum Epling et Jativa,Salvia divinorum Epling et Jativa,Salvia divinorum Epling et Jativa,Salvia divinorum Epling et Jativa,
71,2578414.85465638,1182427.06220301,dbgi_000060,Rungia klossii S.Moore,Rungia klossii S.Moore,Rungia klossii S.Moore,Rungia klossii S.Moore,Rungia klossii S.Moore,Rungia klossii S.Moore,
72,2578415.20876185,1182427.32979407,dbgi_000122,Stevia rebaudiana (Bertoni) Hemsl. 'Zucchero',Stevia rebaudiana (Bertoni) Hemsl. 'Zucchero',Stevia rebaudiana (Bertoni) Hemsl. 'Zucchero',Stevia rebaudiana (Bertoni) Hemsl. 'Zucchero',Stevia rebaudiana (Bertoni) Hemsl. 'Zucchero',Stevia rebaudiana (Bertoni) Hemsl. 'Zucchero',
73,2578415.59103479,1182427.3715423,dbgi_,aaunknown,Aaunknown,Aaunknown,Aaunknown,Aaunknown,Aaunknown,Pedimus Spurius (X2)
74,2578416.05831317,1182427.74325244,dbgi_000116,Coffea arabica L.,Coffea arabica L.,Coffea arabica L.,Coffea arabica L.,Coffea arabica L.,Coffea arabica L.,
75,2578415.8777395,1182427.97664013,dbgi_000044,Lippia dulcis Trevis.,Lippia dulcis Trevis.,Lippia dulcis Trevis.,Lippia dulcis Trevis.,Lippia dulcis Trevis.,Lippia dulcis Trevis.,
76,2578416.98130113,1182427.29709967,dbgi_000074,Paullinia cupana Humb. Bonpl. et Kunth,Paullinia cupana Humb. Bonpl. et Kunth,Paullinia cupana Humb. Bonpl. et Kunth,Paullinia cupana Humb. Bonpl. et Kunth,Paullinia cupana Humb. Bonpl. et Kunth,Paullinia cupana Humb. Bonpl. et Kunth,
77,2578416.71547054,1182428.28371596,dbgi_000054,Catha edulis Forssk.,Catha edulis Forssk.,Catha edulis Forssk.,Catha edulis Forssk.,Catha edulis Forssk.,Catha edulis Forssk.,
78,2578417.83437338,1182428.82392799,dbgi_000041,Musa acuminata Colla,Musa acuminata Colla,Musa acuminata Colla,Musa acuminata Colla,Musa acuminata Colla,Musa acuminata Colla,
79,2578418.63890703,1182428.8666822,dbgi_000078,Psidium cattleianum Sabine,Psidium cattleianum Sabine,Psidium cattleianum Sabine,Psidium cattleianum Sabine,Psidium cattleianum Sabine,Psidium cattleianum Sabine,
80,2578418.47945898,1182429.36162507,dbgi_000059,Brosimum alicastrum Sw.,Brosimum alicastrum Sw.,Brosimum alicastrum Sw.,Brosimum alicastrum Sw.,Brosimum alicastrum Sw.,Brosimum alicastrum Sw.,
81,2578418.99049754,1182429.04323194,dbgi_000064,Blighia sapida Kn.,Blighia sapida Kn.,Blighia sapida Kn.,Blighia sapida Kn.,Blighia sapida Kn.,Blighia sapida Kn.,
82,2578419.06896409,1182428.77388041,dbgi_,Quisqualis indica L.,Quisqualis indica L.,Quisqualis indica L.,Quisqualis indica L.,Quisqualis indica L.,Quisqualis indica L.,
83,2578419.34398028,1182429.5699506,dbgi_000045,Mangifera indica L.,Mangifera indica L.,Mangifera indica L.,Mangifera indica L.,Mangifera indica L.,Mangifera indica L.,
84,2578419.11044359,1182429.77215467,dbgi_000084,Solanum betaceum Cav.,Solanum betaceum Cav.,Solanum betaceum Cav.,Solanum betaceum Cav.,Solanum betaceum Cav.,Solanum betaceum Cav.,
85,2578418.93031409,1182430.10284017,dbgi_000104,Eugenia uniflora L.,Eugenia uniflora L.,Eugenia uniflora L.,Eugenia uniflora L.,Eugenia uniflora L.,Eugenia uniflora L.,
86,2578419.77719159,1182430.10284017,dbgi_000058,Syzygium jambos (L.) Alston,Syzygium jambos (L.) Alston,Syzygium jambos (L.) Alston,Syzygium jambos (L.) Alston,Syzygium jambos (L.) Alston,Syzygium jambos (L.) Alston,
87,2578420.0729266,1182429.75333517,dbgi_,Nephelium longana Cambess.,Nephelium longana Cambess.,Nephelium longana Cambess.,Nephelium longana Cambess.,Nephelium longana Cambess.,Nephelium longana Cambess.,
88,2578420.60861022,1182429.84541629,dbgi_000062,Passiflora quadrangularis L.,Passiflora quadrangularis L.,Passiflora quadrangularis L.,Passiflora quadrangularis L.,Passiflora quadrangularis L.,Passiflora quadrangularis L.,
89,2578420.50913572,1182430.00134929,dbgi_000120,Averrhoa carambola L.,Averrhoa carambola L.,Averrhoa carambola L.,Averrhoa carambola L.,Averrhoa carambola L.,Averrhoa carambola L.,
90,2578420.70539622,1182430.17341329,dbgi_000077,Bambusa vulgaris Schrad. ex J.C. Wendl.,Bambusa vulgaris Schrad. ex J.C. Wendl.,Bambusa vulgaris Schrad. ex J.C. Wendl.,Bambusa vulgaris Schrad. ex J.C. Wendl.,Bambusa vulgaris Schrad. ex J.C. Wendl.,Bambusa vulgaris Schrad. ex J.C. Wendl.,
91,2578420.54946322,1182430.4395748,dbgi_000079,aaunknown,Aaunknown,Aaunknown,Aaunknown,Aaunknown,Aaunknown,Solanum Quitoense
92,2578419.51170222,1182430.4825908,dbgi_000094,Ananas comosus Merill. var. sativus Schult.,Ananas comosus Merill. var. sativus Schult.,Ananas comosus Merill. var. sativus Schult.,Ananas comosus Merill. var. sativus Schult.,Ananas comosus Merill. var. sativus Schult.,Ananas comosus Merill. var. sativus Schult.,
93,2578420.15694222,1182430.6654088,dbgi_000099,Capsicum frutescens L.,Capsicum frutescens L.,Capsicum frutescens L.,Capsicum frutescens L.,Capsicum frutescens L.,Capsicum frutescens L.,
94,2578420.58710222,1182430.8966198,dbgi_000109,Hylocereus undatus (Haw.) Britton et Rose,Hylocereus undatus (Haw.) Britton et Rose,Hylocereus undatus (Haw.) Britton et Rose,Hylocereus undatus (Haw.) Britton et Rose,Hylocereus undatus (Haw.) Britton et Rose,Hylocereus undatus (Haw.) Britton et Rose,
95,2578419.74249282,1182431.16467587,dbgi_000070,Annona cherimola Mill.,Annona cherimola Mill.,Annona cherimola Mill.,Annona cherimola Mill.,Annona cherimola Mill.,Annona cherimola Mill.,
96,4334325.91621238,549876.094563233,dbgi_000430,Gentiana lutea L. subsp. lutea,,,,,,
